,0,1,2,3,4,5,6,7,8
0,0.0,4.0,1.0,4.0,2.0,9.044810120728346,8.260362598826521,7.374901756575194,0.0
1,0.0,4.0,0.0,6.0,1.0,8.569082022408361,10.937073704716584,10.301310038602054,0.0
2,0.0,3.0,1.0,1.0,5.0,9.687778424252583,10.691348470465853,11.456714388050777,0.0
3,0.0,2.0,1.0,5.0,1.0,12.05722101140816,10.2863571533093,10.575027757045232,0.0
4,0.0,2.0,2.0,3.0,2.0,9.732969396610573,9.447139585443129,9.383028782230038,0.0
5,0.0,2.0,0.0,3.0,4.0,9.248326253724176,8.655825264084967,9.146977008969218,0.0
6,0.0,3.0,3.0,2.0,2.0,10.010728716050844,9.451409328255725,7.192362598309298,1.0
7,1.0,1.0,0.0,4.0,3.0,10.225568693932448,11.511783393916966,10.58565178280437,0.0
8,0.0,2.0,2.0,5.0,0.0,9.706394292659562,9.717363331095763,9.42532394141876,0.0
9,0.0,0.0,1.0,4.0,2.0,10.482589462322197,10.63780463177032,10.052412462099381,0.0
10,0.0,2.0,2.0,4.0,1.0,8.458423928590756,9.853091823778012,9.648828400581063,0.0
11,1.0,3.0,2.0,4.0,1.0,8.56731996608045,8.457442865820253,7.8624721264669475,0.0
12,0.0,3.0,3.0,2.0,2.0,6.444211075663187,7.7556731674438355,7.0389366349607005,0.0
13,,,,,,,,,0.0
14,0.0,4.0,1.0,3.0,3.0,11.44293858103409,10.44477977333257,9.841310996647563,0.0
15,,3.0,1.0,3.0,3.0,10.238116032457121,12.849550975224505,11.015529600544149,0.0
16,0.0,2.0,1.0,4.0,2.0,10.122721066399277,9.871185688341454,10.555028700177136,1.0
17,0.0,3.0,1.0,3.0,3.0,10.845333454778523,10.774856953574993,10.232735051775471,0.0
18,0.0,2.0,0.0,4.0,3.0,9.65850393801819,10.091911220198325,10.58830989626334,0.0
19,1.0,4.0,1.0,4.0,2.0,9.392371577741024,9.265269602262991,9.751178766992053,0.0
20,0.0,4.0,1.0,6.0,0.0,10.270600764361147,9.235650117072916,9.406156550250476,1.0
21,0.0,3.0,0.0,5.0,2.0,10.72572637199218,9.119275787183593,9.578685385845588,1.0
22,0.0,3.0,0.0,7.0,0.0,11.060190703252102,11.165273473835173,9.887197360337778,0.0
23,0.0,2.0,4.0,2.0,1.0,8.885878569470155,9.275041873562103,10.007528601453577,0.0
24,0.0,3.0,0.0,5.0,2.0,9.76027160659533,9.005329106167396,10.339254981851504,0.0
25,1.0,2.0,1.0,4.0,2.0,8.118199261407447,9.534109398850722,10.085150931333233,0.0
26,0.0,2.0,0.0,5.0,2.0,9.80660621114702,9.30120121531813,9.946530747106491,0.0
27,1.0,1.0,2.0,4.0,1.0,9.238045510906026,9.769201896117007,9.18255965848294,0.0
28,0.0,3.0,2.0,3.0,2.0,10.427292761747523,8.221521576152758,7.791552173643847,1.0
29,0.0,2.0,3.0,4.0,0.0,10.45267475694983,8.889124734371967,9.08903738613493,1.0
30,0.0,2.0,2.0,2.0,3.0,10.974889146501612,10.212014249676253,11.299503658614302,0.0
31,0.0,4.0,2.0,3.0,2.0,11.336935014911939,9.444784881282963,10.44889807207088,1.0
32,1.0,4.0,0.0,5.0,2.0,11.479237728829833,9.593598457944873,9.651446786425472,1.0
33,0.0,2.0,1.0,4.0,2.0,8.003256063617686,11.514800821160112,9.627321509342456,0.0
34,0.0,3.0,1.0,1.0,5.0,10.036253843216366,11.27223678874762,9.739333414720887,0.0
35,0.0,1.0,3.0,2.0,2.0,8.719331233211888,9.579818145782314,8.84105564571414,0.0
36,0.0,3.0,1.0,4.0,2.0,10.734945465795564,8.925119743760105,9.366869677686896,1.0
37,0.0,0.0,0.0,3.0,4.0,9.393162213552332,8.974753011544264,9.079372173876045,0.0
38,0.0,3.0,1.0,4.0,2.0,9.35931747207895,12.087266375070193,10.240108592191698,0.0
39,0.0,3.0,3.0,3.0,1.0,9.426970556359441,9.781420992000557,8.873781003939698,0.0
40,0.0,2.0,0.0,2.0,5.0,9.084503724202579,10.122220426267559,9.866818294956623,0.0
41,0.0,3.0,1.0,1.0,5.0,9.63194614725257,9.971382930702504,10.111575732379714,0.0
42,0.0,1.0,1.0,4.0,2.0,11.08790605695175,11.286039986865044,10.636582378360416,0.0
43,1.0,3.0,0.0,7.0,0.0,10.759296291404887,9.357947447920562,8.235667923225067,1.0
44,0.0,3.0,1.0,2.0,4.0,10.104975426245813,9.285572271738257,8.27128625779753,1.0
45,0.0,3.0,0.0,2.0,5.0,9.74042005724852,8.19304424828256,9.427425499127715,0.0
46,1.0,2.0,2.0,2.0,3.0,6.888617870931746,8.00649995570588,8.259693551982211,0.0
47,0.0,2.0,0.0,3.0,4.0,9.372644638108127,10.16843760625131,9.041319489785778,0.0
48,0.0,2.0,1.0,3.0,3.0,10.351949730535324,9.968133623120298,12.066919826692951,1.0
49,1.0,1.0,2.0,4.0,1.0,10.411682052827041,10.824202198208846,11.392808405441079,0.0
50,0.0,2.0,1.0,3.0,3.0,10.301632136233758,9.54020691872104,10.351106796327747,1.0
51,1.0,2.0,1.0,5.0,1.0,8.930858381203437,10.28436398844123,9.96826392362414,0.0
52,0.0,1.0,1.0,4.0,2.0,9.903952851901742,10.725180688665862,10.219918462099484,0.0
53,0.0,4.0,3.0,2.0,2.0,9.274827904978208,11.790193537636204,12.546442284011743,0.0
54,1.0,3.0,1.0,2.0,4.0,11.202221734602922,10.101997824914735,9.439743978489554,0.0
55,0.0,2.0,2.0,3.0,2.0,11.392753127316329,10.03513322959835,10.92669404386812,0.0
56,0.0,2.0,4.0,3.0,0.0,10.886341399013475,10.225244420886035,10.684140323998118,0.0
57,0.0,2.0,1.0,4.0,2.0,9.86471870174043,10.05222395348663,10.521298575300072,0.0
58,,,,,,,,,1.0
59,0.0,3.0,1.0,3.0,3.0,9.116490983729955,11.714478326289518,12.236031373430912,0.0
60,0.0,2.0,0.0,5.0,2.0,11.40155580505096,11.4418571243626,11.835909827438078,0.0
61,1.0,3.0,0.0,5.0,2.0,10.772636371630336,9.607839787665046,8.629120292389414,1.0
62,0.0,2.0,2.0,4.0,1.0,9.614163015846463,10.75739078812663,10.58193073955801,0.0
63,0.0,2.0,1.0,5.0,1.0,10.631863673393607,11.327236965183321,11.23331853176415,0.0
64,0.0,1.0,1.0,6.0,0.0,9.929024154785894,9.066995747716478,9.386129640626377,0.0
65,0.0,2.0,3.0,3.0,1.0,10.604826163003267,9.03479954802078,9.776475954813385,1.0
66,0.0,1.0,1.0,5.0,1.0,9.303521652674053,9.5502964600892,10.782505771266166,0.0
67,0.0,2.0,1.0,6.0,0.0,10.244976861794251,10.265405460678206,10.355539530250766,0.0
68,0.0,2.0,2.0,4.0,1.0,9.318461105807668,10.011865813928285,11.345713439285262,0.0
69,0.0,4.0,6.0,0.0,1.0,8.662015638729013,9.689069925999375,8.885695055998067,0.0
70,0.0,4.0,4.0,3.0,0.0,9.314048812929137,10.087088367874438,9.551841071779132,0.0
71,0.0,3.0,2.0,4.0,1.0,9.513575834228853,8.982269945827635,9.207818976328854,0.0
72,0.0,2.0,1.0,3.0,3.0,10.758536047585777,9.249654913095084,10.144723602247037,1.0
73,1.0,2.0,3.0,3.0,1.0,8.928916579972517,10.175758854441163,10.27867717718203,0.0
74,0.0,2.0,0.0,2.0,5.0,10.626498995810303,9.901573319535975,10.838573206285428,1.0
75,0.0,2.0,0.0,4.0,3.0,9.081751653017967,9.44630942923327,10.105749433818778,0.0
76,1.0,1.0,1.0,4.0,2.0,11.056498616716059,8.47250749278868,9.681613036428695,1.0
77,0.0,4.0,3.0,2.0,2.0,10.086365516576732,10.220827638628846,10.713236322641778,0.0
78,0.0,2.0,1.0,5.0,1.0,9.85540236737375,10.353238865458666,11.28668941886912,0.0
79,0.0,3.0,1.0,3.0,3.0,8.796979087650953,8.436886940196393,9.747552233068497,0.0
80,0.0,3.0,1.0,1.0,5.0,8.858069105752513,9.623502421346908,8.265844451131024,0.0
81,0.0,2.0,1.0,0.0,6.0,9.77911636017166,9.93987571291444,9.19580809978539,0.0
82,1.0,3.0,2.0,3.0,2.0,11.27083688386087,10.998934510812768,9.042344809096917,0.0
83,0.0,2.0,2.0,3.0,2.0,10.058332394317,9.277632211173689,11.252021541181097,1.0
84,0.0,3.0,2.0,4.0,1.0,8.98844369736624,9.209695861876957,9.180308970000482,0.0
85,0.0,1.0,1.0,4.0,2.0,10.890823754300087,9.333512756293016,9.733803092329397,1.0
86,1.0,3.0,1.0,6.0,0.0,9.895495964565537,8.224919757835842,7.613161638050363,0.0
87,0.0,3.0,2.0,4.0,1.0,10.868897662662793,10.199181693536898,9.569833841253876,0.0
88,1.0,2.0,3.0,2.0,2.0,9.444749033988565,10.22213161915226,10.829457727498239,0.0
89,0.0,4.0,2.0,4.0,1.0,10.189482758085848,9.235673510998284,8.74207811230819,1.0
90,0.0,1.0,1.0,5.0,1.0,8.593910967022204,8.83832597891998,10.706904219462277,0.0
91,1.0,2.0,2.0,2.0,3.0,9.172877307843157,8.705617716339779,7.98737553876352,0.0
92,0.0,3.0,0.0,5.0,2.0,10.696623787403052,9.913151441788878,9.009141314030744,1.0
93,1.0,2.0,2.0,3.0,2.0,10.533058463637325,11.135683259247664,10.997500724562475,0.0
94,1.0,2.0,2.0,4.0,1.0,11.197526086547283,7.392982322630116,7.612166723549927,1.0
95,0.0,4.0,2.0,3.0,2.0,10.506154012597044,7.83952634207975,6.924484037119363,1.0
96,0.0,2.0,0.0,6.0,1.0,10.179691614672215,11.054020750656258,10.964816396274355,0.0
97,0.0,3.0,2.0,5.0,0.0,10.729586698031216,9.403978464466993,8.799938826862139,1.0
98,0.0,2.0,4.0,3.0,0.0,10.798503975621118,10.061096180706597,9.719866524787207,0.0
99,0.0,3.0,1.0,3.0,3.0,11.129746941909822,11.339861476613926,10.409519817974262,0.0
100,0.0,3.0,1.0,4.0,2.0,11.582342111647623,11.751204735668722,12.137258794615953,0.0
101,0.0,2.0,0.0,5.0,2.0,10.75634718766225,10.14772872588017,10.31265345938471,0.0
102,0.0,3.0,0.0,5.0,2.0,9.845798308323555,10.625385481404484,10.331116246853615,0.0
103,0.0,4.0,1.0,3.0,3.0,8.672522615084885,9.9795575264806,9.950451354589324,0.0
104,0.0,2.0,0.0,5.0,2.0,9.337511605363312,10.36429759077254,8.342503593087594,0.0
105,0.0,4.0,0.0,3.0,4.0,9.179130570891317,9.506937593157696,9.119705956781857,0.0
106,0.0,2.0,1.0,4.0,2.0,9.43669698500703,8.424136249053761,9.201875362280413,0.0
107,1.0,3.0,1.0,5.0,1.0,11.465062583251813,10.78999048951178,10.280616101706268,0.0
108,1.0,2.0,4.0,3.0,0.0,9.081614670661084,10.474730333589827,9.502919016270452,0.0
109,1.0,3.0,1.0,4.0,2.0,10.668531581921949,9.706327609104534,10.05147953921875,1.0
110,0.0,1.0,1.0,5.0,1.0,8.51567375158766,9.206824476907155,7.255909643921555,0.0
111,0.0,2.0,0.0,7.0,0.0,9.69838108003457,8.516546873683541,7.453935543402119,0.0
112,0.0,4.0,0.0,5.0,2.0,9.916703201165987,9.456733874758271,9.52481076880239,0.0
113,0.0,3.0,1.0,4.0,2.0,9.437481586016155,9.321218884054815,8.080889447645118,0.0
114,0.0,4.0,3.0,3.0,1.0,11.013417799443575,9.78554240462333,9.521808295510697,1.0
115,0.0,2.0,1.0,3.0,3.0,9.667010851745518,11.576515491576624,10.297971281742354,0.0
116,0.0,2.0,1.0,4.0,2.0,11.238574477878704,10.542110047803492,10.155342148688424,0.0
117,0.0,0.0,2.0,3.0,2.0,9.333662030393313,9.498104219556248,9.89415268154602,0.0
118,1.0,2.0,0.0,5.0,2.0,8.812477192308162,10.109117876197482,9.939308224978513,0.0
119,0.0,2.0,1.0,4.0,2.0,10.60702553227271,10.383614089447564,10.95639377152539,0.0
120,0.0,2.0,2.0,2.0,3.0,11.894420229347263,11.444876673419303,10.847816064088038,0.0
121,0.0,2.0,3.0,1.0,3.0,11.338354801689947,11.064205988348311,11.63659812692585,0.0
122,1.0,2.0,3.0,2.0,2.0,11.075339076893787,11.150121564920145,11.412622120433099,0.0
123,0.0,2.0,1.0,4.0,2.0,10.648912508050628,10.262968357228873,10.40693153395849,0.0
124,0.0,2.0,2.0,3.0,2.0,11.683885144508167,10.62261457569779,12.192089468472808,0.0
125,0.0,3.0,1.0,2.0,4.0,11.373445674810553,11.262710938467102,10.7350035801003,0.0
126,1.0,2.0,0.0,4.0,3.0,9.684834630236097,10.03863777048345,10.391095317296104,0.0
127,0.0,1.0,1.0,3.0,3.0,10.143508824069773,8.481155654780766,9.37614415423317,1.0
128,0.0,1.0,2.0,3.0,2.0,9.116876550997324,10.031199403081182,11.002092901694711,0.0
129,,,,,,,,,0.0
130,0.0,2.0,0.0,3.0,4.0,10.792418792630759,10.049258776637597,9.37862743793465,0.0
131,0.0,4.0,0.0,4.0,3.0,10.407942788789006,9.587246504224332,9.593340387026139,1.0
132,0.0,1.0,0.0,3.0,4.0,8.984097529572884,9.158313618467762,9.327454611799007,0.0
133,0.0,1.0,3.0,2.0,2.0,11.252480213719421,11.314326880588325,10.668427005366848,0.0
134,0.0,3.0,1.0,4.0,2.0,11.00484075680943,9.777574909739602,9.621217049164406,1.0
135,1.0,3.0,1.0,3.0,3.0,11.175336467108261,10.18287883761244,9.538762117532462,0.0
136,0.0,0.0,1.0,3.0,3.0,10.316577800699406,10.120930718675359,8.812086915780897,0.0
137,1.0,3.0,3.0,2.0,2.0,10.971478294527127,8.739053994852878,8.152100719024325,1.0
138,0.0,2.0,2.0,2.0,3.0,10.512969081127785,11.233590159409474,11.339056825261558,0.0
139,0.0,2.0,0.0,4.0,3.0,10.550867772224171,9.940320233164574,8.279132414104367,1.0
140,0.0,1.0,0.0,7.0,0.0,9.937369630062038,10.781531011437318,10.632940715435431,0.0
141,0.0,2.0,1.0,4.0,2.0,9.631391849412294,10.210731697612434,10.106677237778793,0.0
142,0.0,3.0,3.0,2.0,2.0,8.634515825616875,10.90259682491432,10.63282543174045,0.0
143,0.0,2.0,3.0,3.0,1.0,9.877605926610151,9.24841331677274,8.706013406185054,0.0
144,0.0,2.0,1.0,5.0,1.0,9.351710937707953,8.201012670612872,9.228651618390392,0.0
145,0.0,1.0,0.0,7.0,0.0,9.269754785703249,9.378406047415796,9.595170473567208,0.0
146,0.0,3.0,1.0,4.0,2.0,9.640878491700581,9.312726595995562,10.308541072263466,0.0
147,0.0,1.0,1.0,4.0,2.0,10.413885243441932,8.864721208288989,8.993253677490266,1.0
148,0.0,2.0,2.0,3.0,2.0,8.629609293260954,10.913321081754695,11.821443785471416,0.0
149,0.0,3.0,1.0,5.0,1.0,10.18129029515709,10.954983728516789,11.399805963281397,0.0
150,0.0,3.0,3.0,1.0,3.0,9.679502818125854,10.763674432414657,10.484724649714138,0.0
151,0.0,3.0,1.0,4.0,2.0,8.269497280600664,7.935811897892868,8.761137214568299,0.0
152,1.0,1.0,1.0,5.0,1.0,7.554805789929045,7.9056494595337075,7.81598666367379,0.0
153,1.0,2.0,2.0,3.0,2.0,10.894235458921234,11.677847207056908,11.466306591716876,0.0
154,1.0,2.0,1.0,5.0,1.0,9.560945785492692,10.011771776311592,10.403631587879698,0.0
155,0.0,1.0,1.0,3.0,3.0,10.662210700513143,10.620383869330738,11.121715784595885,0.0
156,0.0,2.0,2.0,5.0,0.0,10.275855022683507,9.704351101272414,9.880683759425416,1.0
157,0.0,3.0,0.0,4.0,3.0,9.44862893251311,8.220359285602044,9.817606804556224,0.0
158,0.0,2.0,1.0,3.0,3.0,10.820537634414858,10.072579655187925,9.640583527372982,0.0
159,0.0,3.0,0.0,2.0,5.0,10.818658881819148,9.864869701161712,8.731147634120777,1.0
160,0.0,1.0,3.0,1.0,3.0,10.159789706110491,12.673967728468039,10.467978679219346,0.0
161,0.0,3.0,0.0,3.0,4.0,10.993624578369598,9.014175081558422,10.916144263134447,1.0
162,0.0,2.0,0.0,5.0,2.0,10.38030201318813,9.680581322315954,10.446595776824164,1.0
163,0.0,2.0,2.0,3.0,2.0,10.739870263478645,9.160596470090757,8.64072712531318,1.0
164,0.0,2.0,1.0,5.0,1.0,8.84342862390032,11.778963747808206,10.491520364087249,0.0
165,0.0,3.0,2.0,3.0,2.0,11.074818390726017,10.86564956116558,10.866830639390141,0.0
166,0.0,3.0,0.0,6.0,1.0,8.257755892010508,8.526062615561507,8.796687023008017,0.0
167,0.0,3.0,1.0,3.0,3.0,9.511182235026853,10.241523687152824,11.379358247596306,0.0
168,0.0,1.0,2.0,3.0,2.0,10.611506589387552,8.822278745298005,9.47143761973509,1.0
169,0.0,3.0,1.0,4.0,2.0,9.540053882418803,9.613043647149485,9.473240024976525,0.0
170,1.0,3.0,1.0,5.0,1.0,10.465904015439223,13.073438618900742,11.098085136676183,0.0
171,1.0,4.0,2.0,4.0,1.0,10.566658601681228,10.422364516232191,9.91769265755774,0.0
172,0.0,2.0,3.0,4.0,0.0,9.366501396126843,8.837504905520788,9.240918360218089,0.0
173,1.0,4.0,2.0,4.0,1.0,10.782307953393177,10.354747808746932,8.557294625594812,0.0
174,0.0,1.0,1.0,4.0,2.0,10.266478746406722,9.376701895069683,10.467235828455117,1.0
175,0.0,1.0,2.0,4.0,1.0,10.043244836010905,8.9972499857406,9.374177242202993,1.0
176,0.0,2.0,3.0,2.0,2.0,10.92904455599611,9.226577992358296,11.150419733326821,1.0
177,0.0,3.0,4.0,2.0,1.0,9.819391526111461,10.086772350852304,10.975801988485305,0.0
178,1.0,3.0,1.0,3.0,3.0,8.985242462037524,10.607381833657579,9.163119794605187,0.0
179,0.0,1.0,1.0,5.0,1.0,10.608211648329679,10.023266777368299,10.576369540305343,0.0
180,0.0,2.0,2.0,3.0,2.0,10.737461435941656,8.837667960905137,8.632471714866409,1.0
181,1.0,3.0,2.0,4.0,1.0,9.209047783143951,9.124685844041313,8.576895372694,0.0
182,1.0,1.0,3.0,2.0,2.0,11.455440128382696,11.977758249080525,10.87548477403682,0.0
183,1.0,3.0,1.0,3.0,3.0,8.880633631711426,9.17767585274719,8.192540092749867,0.0
184,0.0,4.0,1.0,5.0,1.0,9.137266832009914,9.41625723996671,8.622356804758656,0.0
185,0.0,4.0,0.0,4.0,3.0,10.536347815415356,11.323997314559149,10.851705675957817,0.0
186,0.0,3.0,1.0,5.0,1.0,7.833134194716628,8.350295321865165,7.777753003752259,0.0
187,0.0,2.0,1.0,4.0,2.0,8.671860781401094,10.489692376891465,8.70093057456038,0.0
188,0.0,1.0,0.0,6.0,1.0,9.61469949830231,9.508342500208004,10.903636729584127,0.0
189,0.0,1.0,2.0,2.0,3.0,11.177697277619659,9.467703707070939,10.792335883108578,1.0
190,0.0,2.0,0.0,5.0,2.0,11.387626283660696,11.168768648163459,11.735282397120319,0.0
191,0.0,3.0,1.0,3.0,3.0,9.16840346542918,10.009421474284581,10.329693096635289,0.0
192,0.0,2.0,2.0,3.0,2.0,9.326178746359151,10.22112790203559,9.949492821105348,0.0
193,1.0,4.0,1.0,4.0,2.0,10.380058096643332,10.391566696682172,11.36537229293029,0.0
194,0.0,2.0,0.0,3.0,4.0,10.964334170110828,10.364226834814943,11.733749658714586,0.0
195,1.0,4.0,0.0,6.0,1.0,12.569601327737816,9.555553758592836,9.721266163825831,1.0
196,1.0,3.0,4.0,1.0,2.0,10.337192395137796,8.90813702392784,11.234943957772366,1.0
197,0.0,4.0,1.0,2.0,4.0,10.807846769396324,10.643182022155083,9.022214509012642,0.0
198,0.0,1.0,2.0,3.0,2.0,9.573754899078052,9.396509590320054,8.29198700664763,0.0
199,0.0,3.0,3.0,1.0,3.0,9.011224035416424,11.501137811144757,10.093882493657256,0.0
200,0.0,4.0,1.0,4.0,2.0,10.132336587318562,9.727910728755724,9.444103885389564,1.0
201,1.0,2.0,1.0,4.0,2.0,10.264387099963235,10.41749819314431,10.67506481862782,0.0
202,0.0,2.0,1.0,4.0,2.0,9.195266940728159,11.729181332055909,11.334038350470012,0.0
203,1.0,2.0,2.0,5.0,0.0,11.173349299530283,10.137028820512665,9.637518420028615,0.0
204,0.0,3.0,1.0,5.0,1.0,11.41994978719409,10.573331285740151,11.29382514256128,0.0
205,1.0,4.0,1.0,1.0,5.0,10.402783052449438,9.872910407750737,10.587936359186742,1.0
206,1.0,4.0,2.0,4.0,1.0,11.379375480832532,11.727385674711684,9.81562342767411,0.0
207,0.0,3.0,3.0,2.0,2.0,9.468090875285455,10.169713674367571,10.500864150169212,0.0
208,0.0,3.0,2.0,2.0,3.0,,10.940929607658173,11.17554221158542,0.0
209,1.0,3.0,1.0,4.0,2.0,8.710907924079665,9.444950601861764,8.677430510100553,0.0
210,0.0,2.0,2.0,3.0,2.0,10.406719787218814,8.470383078128632,8.843079297255608,1.0
211,0.0,3.0,0.0,6.0,1.0,9.65404413065105,9.91601476223615,10.75397830882001,0.0
212,0.0,3.0,0.0,5.0,2.0,10.445923177998143,11.257409277247193,12.539631320351972,0.0
213,0.0,1.0,0.0,6.0,1.0,11.080649220771468,10.914385520546045,10.311623742284722,0.0
214,0.0,2.0,2.0,5.0,0.0,10.541225050382394,9.862822226841175,9.737679175632936,1.0
215,0.0,2.0,1.0,5.0,1.0,10.60488517254012,10.091299753755106,10.581559203990833,0.0
216,0.0,3.0,1.0,5.0,1.0,8.302966019592919,8.815601766386573,8.954152906536502,0.0
217,0.0,3.0,2.0,2.0,3.0,9.474810372045393,10.612592632499565,9.494027566425475,0.0
218,0.0,1.0,1.0,3.0,3.0,9.77607913284694,9.163315316712763,8.500412293647072,0.0
219,1.0,1.0,1.0,3.0,3.0,11.54518909645088,10.568881457295362,9.099535905029152,0.0
220,0.0,2.0,0.0,7.0,0.0,10.188862150612042,8.910547290969552,11.082674541491105,1.0
221,0.0,2.0,1.0,4.0,2.0,8.426539085818321,9.84230148352508,10.041647243669393,0.0
222,0.0,3.0,0.0,3.0,4.0,11.643811585108015,11.816532361929646,11.39589730293797,0.0
223,0.0,3.0,2.0,3.0,2.0,10.495264484984885,10.196723343477037,10.454487274222924,0.0
224,0.0,4.0,0.0,6.0,1.0,10.015755919680425,10.4061431432351,9.52711763885856,0.0
225,0.0,1.0,2.0,3.0,2.0,9.51681381112642,9.656142184584407,10.213790133277856,0.0
226,0.0,3.0,0.0,5.0,2.0,11.210869236753531,8.943939751957164,10.670391572729237,1.0
227,0.0,1.0,1.0,3.0,3.0,9.155686587681227,11.141076542919212,9.055326000705518,0.0
228,0.0,3.0,0.0,4.0,3.0,12.191677997766494,11.814507101562098,11.515515283229817,0.0
229,0.0,2.0,2.0,2.0,3.0,9.818162642950986,10.31429209021734,10.267067472011561,0.0
230,0.0,1.0,1.0,5.0,1.0,9.0285822883465,10.227968575073316,10.22418614851169,0.0
231,0.0,3.0,1.0,3.0,3.0,8.646903893054212,10.111552654365513,9.84721364267489,0.0
232,0.0,2.0,1.0,4.0,2.0,9.686992603188212,8.57579698351141,9.593484681966356,0.0
233,0.0,4.0,2.0,2.0,3.0,10.04848402661151,10.13880130083322,9.139516443050933,0.0
234,1.0,4.0,2.0,4.0,1.0,9.618631774175357,10.659418254098906,10.689520198961754,0.0
235,1.0,2.0,0.0,4.0,3.0,9.288054835562702,8.672130430364508,9.411117538801621,0.0
236,0.0,3.0,1.0,4.0,2.0,10.567591300929024,11.17356704095151,10.354789039760728,0.0
237,0.0,0.0,0.0,3.0,4.0,9.226984660520518,9.020340003808865,9.82142697687213,0.0
238,0.0,1.0,0.0,3.0,4.0,10.276263863743257,9.942183929738894,9.562601272741812,1.0
239,0.0,3.0,1.0,5.0,1.0,9.734415101043691,9.102221893738797,9.120765779367979,0.0
240,1.0,2.0,3.0,1.0,3.0,10.634540003284874,9.77473267432651,10.366660144111945,1.0
241,0.0,3.0,0.0,6.0,1.0,8.441155985179854,10.708785845529373,9.750007836648331,0.0
242,0.0,2.0,0.0,4.0,3.0,10.96003594145377,9.256506999945529,8.464201735022886,1.0
243,1.0,3.0,0.0,6.0,1.0,8.969569242552712,10.261310881650074,8.618570432966672,0.0
244,0.0,2.0,2.0,2.0,3.0,9.148802724978996,9.670786288302283,9.048004593586388,0.0
245,0.0,1.0,2.0,3.0,2.0,11.01256936743686,10.369597089547835,11.910848459177613,0.0
246,0.0,2.0,0.0,6.0,1.0,11.725188757429642,9.854892920751919,12.127166217950819,1.0
247,1.0,2.0,1.0,5.0,1.0,9.578928864815405,11.136083791213903,10.437206596416596,0.0
248,0.0,1.0,1.0,3.0,3.0,10.211702362104832,11.537202930390793,9.46566967196787,0.0
249,1.0,2.0,3.0,3.0,1.0,8.802283113471626,9.874847227894568,9.767569542878357,0.0
250,0.0,2.0,1.0,5.0,1.0,6.975765661748458,11.660156392225764,10.0,1.0
251,0.0,2.0,2.0,5.0,0.0,13.639239713167994,14.022926895270809,10.0,1.0
252,0.0,4.0,2.0,3.0,2.0,12.44057562167998,9.579460825763446,10.0,1.0
253,0.0,3.0,3.0,2.0,2.0,13.433206059316541,8.603998583694533,10.0,1.0
254,0.0,3.0,2.0,3.0,2.0,8.305965903408913,7.779764353334101,10.0,1.0
255,1.0,2.0,1.0,2.0,4.0,13.302627538553988,11.91854202329986,10.0,1.0
256,1.0,1.0,2.0,2.0,3.0,12.398328473177237,10.859936322187835,10.0,1.0
257,1.0,3.0,2.0,5.0,0.0,7.879916725322095,11.604696617399606,10.0,1.0
258,0.0,2.0,1.0,1.0,5.0,13.400920678820924,9.550177289188863,10.0,1.0
259,1.0,2.0,1.0,5.0,1.0,13.74768327597261,8.421196873019163,10.0,1.0
260,0.0,3.0,3.0,3.0,1.0,12.763012238137389,8.88575693442929,10.0,1.0
261,1.0,2.0,3.0,4.0,0.0,6.932824018495133,9.002814584457635,10.0,1.0
262,1.0,3.0,4.0,0.0,3.0,12.694733697163706,8.367373297621182,10.0,1.0
263,1.0,4.0,3.0,2.0,2.0,7.027157236483012,10.103170325557992,10.0,1.0
264,0.0,4.0,1.0,3.0,3.0,12.589137893330511,9.40172595261773,10.0,1.0
265,0.0,3.0,3.0,1.0,3.0,6.394087234362379,11.934801482192285,10.0,1.0
266,0.0,2.0,2.0,2.0,3.0,13.315395604228433,9.092822339870407,10.0,1.0
267,0.0,3.0,3.0,3.0,1.0,7.045135187086004,11.46856404149911,10.0,1.0
268,0.0,2.0,2.0,3.0,2.0,12.967576137001261,8.177260652477688,10.0,1.0
269,0.0,1.0,0.0,6.0,1.0,8.977133873170914,13.242683685178125,10.0,1.0
270,0.0,2.0,2.0,4.0,1.0,12.581160302027873,10.1800904267489,10.0,1.0
271,0.0,1.0,1.0,4.0,2.0,13.81712938316106,9.940491293079567,10.0,1.0
272,0.0,1.0,0.0,5.0,2.0,13.293969608374631,9.245535576661435,10.0,1.0
273,0.0,2.0,2.0,4.0,1.0,13.215630507959004,9.01092947849507,10.0,1.0
274,0.0,3.0,3.0,3.0,1.0,7.320188506220852,9.26322908013902,10.0,1.0
275,1.0,3.0,1.0,4.0,2.0,7.829171750861477,9.531326670188792,10.0,1.0
276,1.0,3.0,0.0,3.0,4.0,9.50345626126365,12.193152509895338,10.0,1.0
277,0.0,1.0,5.0,2.0,0.0,12.705032688598127,11.135955490849263,10.0,1.0
278,1.0,3.0,0.0,5.0,2.0,7.198602293860269,10.10767427099859,10.0,1.0
279,0.0,3.0,0.0,6.0,1.0,12.446482931087454,8.450462377650872,10.0,1.0
280,0.0,3.0,0.0,4.0,3.0,8.576318206905336,6.955310427747089,10.0,1.0
281,0.0,3.0,2.0,4.0,1.0,9.286831644941474,13.083855944823235,10.0,1.0
282,0.0,3.0,1.0,3.0,3.0,7.323779372953206,9.852072725945565,10.0,1.0
283,0.0,2.0,1.0,4.0,2.0,6.944356973473095,9.832212867311625,10.0,1.0
284,0.0,1.0,4.0,2.0,1.0,7.90651093115048,8.192060417046061,10.0,1.0
285,0.0,3.0,1.0,5.0,1.0,6.482891047498322,11.096559099256552,10.0,1.0
286,0.0,3.0,0.0,5.0,2.0,6.513735962751685,8.473722767199023,10.0,1.0
287,0.0,3.0,0.0,5.0,2.0,13.548568231405808,11.493619651510718,10.0,1.0
288,0.0,3.0,1.0,3.0,3.0,9.223840827342261,5.860027191270492,10.0,1.0
289,0.0,3.0,1.0,5.0,1.0,6.911937630088737,10.798564779475921,10.0,1.0
290,0.0,1.0,2.0,3.0,2.0,6.264888873675597,10.337744522928586,10.0,1.0
291,0.0,2.0,4.0,1.0,2.0,13.948797493557786,10.86168009573374,10.0,1.0
292,1.0,3.0,1.0,2.0,4.0,6.7091085961427055,9.484498864452277,10.0,1.0
293,0.0,1.0,3.0,2.0,2.0,8.936498715920996,5.745217045776961,10.0,1.0
294,0.0,3.0,1.0,5.0,1.0,12.575157631818822,8.22469049055089,10.0,1.0
295,0.0,3.0,1.0,3.0,3.0,10.935765859478346,14.765976072430387,10.0,1.0
296,0.0,0.0,2.0,3.0,2.0,6.40302118776847,11.72273767154011,10.0,1.0
297,0.0,1.0,2.0,3.0,2.0,7.512720043494564,8.424383525735665,10.0,1.0
298,0.0,3.0,3.0,3.0,1.0,12.945495886576389,10.754447839704675,10.0,1.0
299,0.0,1.0,1.0,4.0,2.0,7.170047613789055,10.583730625595187,10.0,1.0
300,0.0,3.0,4.0,3.0,0.0,10.968461488143308,5.810569580419922,10.0,1.0
301,0.0,2.0,2.0,2.0,3.0,6.659733904159566,9.499028474093794,10.0,1.0
302,0.0,3.0,0.0,3.0,4.0,10.216332185766351,6.509380147865507,10.0,1.0
303,0.0,4.0,1.0,3.0,3.0,10.685149785795712,12.061985204712926,10.0,1.0
304,1.0,2.0,2.0,3.0,2.0,13.056055419098847,11.56706138286151,10.0,1.0
305,1.0,4.0,2.0,5.0,0.0,9.327751148613924,12.515645272367514,10.0,1.0
306,0.0,2.0,3.0,0.0,4.0,10.069615364359379,13.53861164382004,10.0,1.0
307,0.0,2.0,1.0,3.0,3.0,7.514957985222619,10.256344911483145,10.0,1.0
308,1.0,4.0,1.0,3.0,3.0,6.776664315798071,9.148289711977656,10.0,1.0
309,0.0,1.0,2.0,3.0,2.0,13.922555029894093,10.505702081585891,10.0,1.0
310,0.0,3.0,2.0,4.0,1.0,7.586433033338597,10.503836048376362,10.0,1.0
311,0.0,2.0,1.0,3.0,3.0,13.934553053869521,9.70720240182447,10.0,1.0
312,0.0,1.0,0.0,5.0,2.0,13.162508170547355,9.622105300096823,10.0,1.0
313,0.0,3.0,0.0,5.0,2.0,7.2833138793651315,8.335748788335362,10.0,1.0
314,1.0,2.0,2.0,4.0,1.0,6.445812289065323,10.113755062482795,10.0,1.0
315,1.0,3.0,1.0,5.0,1.0,8.444795277484218,7.544880860485364,10.0,1.0
316,0.0,2.0,3.0,1.0,3.0,12.454261389780104,10.336075708426003,10.0,1.0
317,0.0,4.0,0.0,4.0,3.0,12.965265773369948,10.988904642388643,10.0,1.0
318,0.0,2.0,2.0,3.0,2.0,7.278365912168942,11.25802051596397,10.0,1.0
319,0.0,1.0,3.0,2.0,2.0,6.851791979247789,11.620713547630587,10.0,1.0
320,,,,,,,,,1.0
321,1.0,2.0,1.0,2.0,4.0,13.747213334708508,11.502207045213709,10.0,1.0
322,1.0,1.0,2.0,2.0,3.0,6.272685760708006,9.998870260086582,10.0,1.0
323,1.0,2.0,0.0,4.0,3.0,7.9098084993183395,9.48628510832568,10.0,1.0
324,0.0,3.0,2.0,3.0,2.0,11.0650015136857,12.495679815942342,10.0,1.0
325,0.0,3.0,1.0,3.0,3.0,9.241406239670651,6.752295359602513,10.0,1.0
326,0.0,3.0,2.0,3.0,2.0,13.739607816656253,8.062891967071595,10.0,1.0
327,1.0,1.0,1.0,4.0,2.0,6.756734156475796,8.681766856205703,10.0,1.0
328,0.0,2.0,3.0,2.0,2.0,13.464732081215756,10.9723795480517,10.0,1.0
329,0.0,2.0,3.0,3.0,1.0,11.591426874505627,7.75620363807702,10.0,1.0
330,0.0,4.0,1.0,5.0,1.0,6.497419569702595,9.962343835560514,10.0,1.0
331,0.0,3.0,3.0,1.0,3.0,12.02887557583304,11.025397126971287,10.0,1.0
332,0.0,3.0,1.0,3.0,3.0,13.662508696968514,9.39559376670803,10.0,1.0
333,0.0,1.0,0.0,5.0,2.0,13.429327164816483,11.12345196538322,10.0,1.0
334,1.0,3.0,2.0,0.0,5.0,12.826810782570803,11.320632130156815,10.0,1.0
335,1.0,3.0,4.0,3.0,0.0,7.772742113382379,13.951987708259551,10.0,1.0
336,0.0,2.0,1.0,3.0,3.0,8.938900924414401,7.481544095821497,10.0,1.0
337,0.0,3.0,1.0,4.0,2.0,7.1818079633674365,9.166275217193235,10.0,1.0
338,1.0,3.0,2.0,3.0,2.0,7.836720282536438,11.836402321373997,10.0,1.0
339,0.0,4.0,2.0,2.0,3.0,12.342577348008458,9.610584527360553,10.0,1.0
340,0.0,2.0,2.0,5.0,0.0,7.156085941451105,9.648388981288475,10.0,1.0
341,0.0,2.0,3.0,0.0,4.0,7.138312893833655,8.868562009106542,10.0,1.0
342,1.0,1.0,1.0,5.0,1.0,11.880576502422283,12.164081639645385,10.0,1.0
343,0.0,4.0,1.0,4.0,2.0,7.0930242392838,11.420424815480875,10.0,1.0
344,1.0,1.0,0.0,5.0,2.0,6.505100423934385,11.549338758382,10.0,1.0
345,0.0,3.0,3.0,3.0,1.0,12.857963961070372,10.25612094380043,10.0,1.0
346,0.0,4.0,1.0,4.0,2.0,11.843595781697218,7.05206981536443,10.0,1.0
347,0.0,2.0,0.0,6.0,1.0,11.044511033372125,13.75893667138842,10.0,1.0
348,1.0,2.0,0.0,4.0,3.0,12.689603438224328,8.518124813651028,10.0,1.0
349,1.0,2.0,1.0,4.0,2.0,10.910400682342091,7.036769805600789,10.0,1.0
350,0.0,3.0,1.0,5.0,1.0,8.95481789879373,12.672837129550562,10.0,1.0
351,0.0,2.0,4.0,3.0,0.0,8.128666001282463,6.113527067839902,10.0,1.0
352,0.0,3.0,2.0,5.0,0.0,,13.752695241521694,10.0,1.0
353,0.0,2.0,1.0,3.0,3.0,10.07104665219588,7.238913557446125,10.0,1.0
354,0.0,2.0,3.0,4.0,0.0,11.67353271070323,13.538017720499099,10.0,1.0
355,0.0,2.0,0.0,3.0,4.0,9.688564118357949,12.7270579891549,10.0,1.0
356,1.0,2.0,2.0,4.0,1.0,10.172608540492734,6.169354103085007,10.0,1.0
357,0.0,3.0,0.0,5.0,2.0,10.493193894865103,13.677273101303449,10.0,1.0
358,0.0,3.0,1.0,4.0,2.0,8.348124550215564,6.13569428135402,10.0,1.0
359,0.0,2.0,1.0,3.0,3.0,9.582307479107639,12.581712315169481,10.0,1.0
360,0.0,1.0,1.0,4.0,2.0,9.529382556585386,7.163268078520407,10.0,1.0
361,0.0,3.0,4.0,2.0,1.0,8.978977144383176,7.719551331018302,10.0,1.0
362,0.0,1.0,2.0,3.0,2.0,8.312832765129237,13.496338082686425,10.0,1.0
363,0.0,1.0,3.0,2.0,2.0,8.434226843190926,12.28681229948613,10.0,1.0
364,0.0,1.0,0.0,4.0,3.0,9.522333642739362,7.55942228805748,10.0,1.0
365,0.0,3.0,1.0,4.0,2.0,9.078654456126914,13.32898909513703,10.0,1.0
366,0.0,3.0,1.0,2.0,4.0,12.064682077321953,10.324692821619749,10.0,1.0
367,1.0,4.0,1.0,3.0,3.0,8.987960397155978,7.406743655564311,10.0,1.0
368,0.0,2.0,1.0,3.0,3.0,10.036885453797606,12.510389424530429,10.0,1.0
369,0.0,1.0,0.0,4.0,3.0,9.471810323918508,6.5773407220027735,10.0,1.0
370,1.0,3.0,0.0,5.0,2.0,12.244594708906861,8.771809558932933,10.0,1.0
371,0.0,1.0,2.0,3.0,2.0,12.042008574516721,9.808432976542596,10.0,1.0
372,0.0,1.0,1.0,5.0,1.0,9.207185155105947,12.064969181346303,10.0,1.0
373,0.0,3.0,1.0,3.0,3.0,11.019897855387372,12.877676006665684,10.0,1.0
374,0.0,3.0,3.0,1.0,3.0,9.08854854761416,13.733109865319287,10.0,1.0
375,1.0,2.0,1.0,4.0,2.0,6.984613064359727,2.0074854464114607,0.9026097569372348,1.0
376,0.0,3.0,2.0,2.0,3.0,7.004145946175167,2.0418194418211293,0.9900432103452007,1.0
377,0.0,2.0,1.0,3.0,3.0,6.849511009753897,2.044742864814498,1.010344031107885,1.0
378,0.0,4.0,0.0,5.0,2.0,7.108501235597546,2.0877936868761777,0.7734450216338372,1.0
379,0.0,2.0,1.0,3.0,3.0,7.057204917948438,1.9792170892873489,1.0774755442699662,1.0
380,0.0,2.0,1.0,3.0,3.0,7.019192941871067,1.9252105596952669,0.7941313336494977,1.0
381,0.0,2.0,1.0,3.0,3.0,7.061832650724143,1.9936792561095447,1.0260788388662208,1.0
382,0.0,2.0,2.0,5.0,0.0,7.086576639741213,1.8062967518746844,1.0022192225766327,1.0
383,0.0,4.0,3.0,2.0,2.0,7.035852364101902,1.9781011976740515,1.0236798689345814,1.0
384,1.0,2.0,1.0,6.0,0.0,6.747079573844759,2.223186175679539,1.155723837124682,1.0
385,0.0,2.0,0.0,4.0,3.0,6.989237262729868,1.9435657530942263,0.8425818210823574,1.0
386,0.0,2.0,2.0,1.0,4.0,6.98340254973129,2.037089109583302,0.9297835067558837,1.0
387,0.0,2.0,4.0,2.0,1.0,7.04353708492595,2.0517647547784508,0.9221010089051094,1.0
388,0.0,2.0,1.0,1.0,5.0,6.969925716131028,2.040798841863862,1.1584747141176854,1.0
389,0.0,3.0,2.0,2.0,3.0,7.014459470635811,2.0078779189884517,1.1344815202224838,1.0
390,0.0,1.0,4.0,3.0,0.0,7.009659667659502,1.9351857043629845,1.0723150024619679,1.0
391,0.0,2.0,3.0,4.0,0.0,6.982530013301402,2.0366164627148957,0.8408689103098197,1.0
392,0.0,2.0,0.0,6.0,1.0,7.06751037332954,2.025522091160469,0.952942542165617,1.0
393,0.0,2.0,4.0,3.0,0.0,7.0084941117798385,2.0174872665928625,1.0537132631331978,1.0
394,1.0,3.0,0.0,5.0,2.0,7.087750502838494,2.0623255243656162,1.036041700422855,1.0
395,0.0,2.0,0.0,4.0,3.0,6.940530917695348,1.9829864504910797,0.9336308265058618,1.0
396,0.0,4.0,2.0,4.0,1.0,7.158964707980335,1.8807549831371317,1.1541365785730529,1.0
397,0.0,3.0,1.0,4.0,2.0,6.914740252465395,1.9229714143462968,0.9410378488898152,1.0
398,0.0,1.0,0.0,6.0,1.0,6.971142341618727,2.0713170148302984,1.0395950580562194,1.0
399,0.0,3.0,0.0,6.0,1.0,6.851606082594352,2.105044035173594,1.204450066789123,1.0
400,1.0,3.0,1.0,3.0,3.0,6.935317562283661,1.936431476763721,1.1772736171478004,1.0
401,0.0,4.0,2.0,1.0,4.0,7.126515516935164,1.8649940445033137,0.9799489772287706,1.0
402,1.0,2.0,2.0,2.0,3.0,7.047322598435373,1.8966992610621376,1.0772323698174453,1.0
403,0.0,3.0,2.0,3.0,2.0,6.904414405385103,2.1031223427206673,1.172000435481695,1.0
404,1.0,2.0,1.0,2.0,4.0,7.050604356062447,2.093709473995565,0.9027893367515826,1.0
405,0.0,3.0,0.0,6.0,1.0,6.927980562052066,2.08031271183129,1.0985597573841683,1.0
406,1.0,2.0,1.0,5.0,1.0,6.788970489071719,2.0993043438425376,1.1908854050522706,1.0
407,0.0,1.0,1.0,5.0,1.0,6.945861197640927,1.997089749379759,1.1031661688463468,1.0
408,0.0,1.0,2.0,2.0,3.0,7.198919182826471,2.016131074522172,1.1265826334944873,1.0
409,0.0,3.0,1.0,3.0,3.0,7.021541255713731,2.073409326027261,1.0001464465339323,1.0
410,,,,,,,,,1.0
411,0.0,4.0,2.0,4.0,1.0,7.071173398123922,2.2603713121728783,0.9257414189361881,1.0
412,0.0,4.0,0.0,3.0,4.0,7.196087410362641,1.9016804186626914,1.158456201052873,1.0
413,1.0,2.0,0.0,5.0,2.0,6.995833834429048,2.0114703376010774,1.007371853296844,1.0
414,0.0,1.0,0.0,3.0,4.0,6.984992761215299,2.0449005406983733,1.0846471191038054,1.0
415,0.0,4.0,2.0,3.0,2.0,7.060624491120463,1.8818861618778056,0.8962155396968987,1.0
416,1.0,2.0,2.0,3.0,2.0,6.916804098905604,1.8485287203478582,0.8185247472798298,1.0
417,0.0,1.0,2.0,5.0,0.0,7.0309508242444,2.0166365605748093,0.7902918609278196,1.0
418,1.0,3.0,2.0,3.0,2.0,7.255530443493187,1.9279787617317532,1.0285518680028891,1.0
419,0.0,4.0,4.0,3.0,0.0,6.912034192089875,1.9999923925647358,0.7820993705290437,1.0
420,0.0,4.0,0.0,5.0,2.0,2.145523181477548,6.015378654298231,1.3252810954160954,0.0
421,0.0,2.0,1.0,5.0,1.0,2.11656070835337,5.880661504359721,0.9724815167372411,0.0
422,0.0,1.0,4.0,2.0,1.0,2.030795128131749,5.966965601915362,0.9278426851629482,0.0
423,1.0,3.0,0.0,4.0,3.0,2.1047086123037797,6.173829494618966,1.2345928027839095,0.0
424,1.0,3.0,2.0,4.0,1.0,1.9893092419002711,5.969723572780751,0.9981376631112605,0.0
425,0.0,3.0,1.0,2.0,4.0,1.816427919026778,5.907654511899885,0.9741948130963043,0.0
426,0.0,3.0,0.0,5.0,2.0,1.9873870952063217,5.974443349658496,1.0146740754770496,0.0
427,1.0,3.0,0.0,5.0,2.0,1.9321950927420901,6.033679308613921,0.899063481662081,0.0
428,1.0,1.0,1.0,3.0,3.0,2.1265039951283065,5.961083373466845,0.852943304994375,0.0
429,1.0,3.0,1.0,5.0,1.0,2.0348143139144685,5.957085418441732,0.9350795897511943,0.0
430,1.0,3.0,1.0,4.0,2.0,2.0413489653384547,5.965462605075728,1.0070548383000326,0.0
431,0.0,2.0,2.0,3.0,2.0,1.9625485649907726,6.119475764128542,1.115101595447604,0.0
432,0.0,4.0,0.0,5.0,2.0,1.910574759216879,6.084475834049289,1.1221467750075595,0.0
433,0.0,2.0,1.0,3.0,3.0,2.028035344232514,5.924524860672296,1.0485866550283498,0.0
434,0.0,1.0,2.0,5.0,0.0,1.9561744413382773,5.924944889473435,1.1208433214885392,0.0
435,0.0,2.0,1.0,4.0,2.0,2.1392547941860536,5.824891168820548,1.2644884580502638,0.0
436,0.0,2.0,2.0,3.0,2.0,1.9632622506071364,6.113421181716586,1.0657193931002968,0.0
437,0.0,3.0,0.0,6.0,1.0,1.9204573106709422,5.989183644787745,1.0972135578983397,0.0
438,0.0,3.0,2.0,1.0,4.0,1.9781601882066113,5.975631941304552,0.9696610983176686,0.0
439,0.0,2.0,2.0,3.0,2.0,2.1081997951626184,6.018020780056165,1.1209477148163796,0.0
440,0.0,3.0,3.0,2.0,2.0,1.9433001733824218,5.869172105155773,0.8863579976943081,0.0
441,1.0,4.0,1.0,5.0,1.0,1.9904500615555853,5.907269170621059,0.9666545480911827,0.0
442,0.0,3.0,1.0,5.0,1.0,1.8522023846875693,6.018473955642814,0.9134025200526612,0.0
443,0.0,2.0,1.0,6.0,0.0,2.0122106926252425,5.967657528010093,0.9436846696498586,0.0
444,0.0,4.0,0.0,4.0,3.0,1.9616883810823313,5.793035580307492,1.2009423501995466,0.0
445,0.0,3.0,3.0,3.0,1.0,1.9551050214463634,5.9223090946046995,0.9793586021959002,0.0
446,1.0,2.0,2.0,3.0,2.0,2.01445532839614,6.026626813545503,0.9570258026517557,0.0
447,0.0,4.0,1.0,4.0,2.0,2.0027061288654986,6.107761127198162,1.1043726874065927,0.0
448,0.0,3.0,2.0,2.0,3.0,1.9997464954585584,6.008902440097194,0.968194147277156,0.0
449,0.0,3.0,0.0,6.0,1.0,2.3007349634415166,6.014597824979979,1.0324033060612061,0.0
450,0.0,2.0,0.0,7.0,0.0,2.104673064894465,5.951685976131796,1.0557940501678615,0.0
451,0.0,2.0,1.0,5.0,1.0,2.1689732984146586,6.021125482356361,0.9125395201853865,0.0
452,0.0,3.0,0.0,6.0,1.0,2.166652721496292,6.0545704596242045,0.964253614167084,0.0
453,0.0,3.0,1.0,4.0,2.0,1.971249847864989,5.909135068300074,1.1940129076030384,0.0
454,0.0,1.0,2.0,0.0,5.0,1.9512994516292155,6.105969328580139,1.0138588927146674,0.0
455,0.0,4.0,2.0,4.0,1.0,1.8330818388197114,5.832763308947536,1.0916650806908224,0.0
456,0.0,3.0,3.0,3.0,1.0,1.9024735008224756,5.995387842683698,1.1288993763494413,0.0
457,0.0,1.0,0.0,5.0,2.0,1.971420311608375,5.976713504209829,1.0583169541569808,0.0
458,0.0,1.0,2.0,3.0,2.0,1.9907809067323872,6.165795908104067,1.0126985025506348,0.0
459,0.0,3.0,0.0,5.0,2.0,2.0325277729199875,5.9684895406511105,1.1295954061313185,0.0
460,0.0,3.0,4.0,2.0,1.0,2.8727586372149476,1.889465402435937,8.891726038973147,0.0
461,0.0,2.0,2.0,3.0,2.0,3.1220835801356777,2.27596314528623,8.932819715351478,0.0
462,0.0,4.0,1.0,5.0,1.0,2.787185776393328,1.7704024105655016,8.846197976169394,0.0
463,0.0,2.0,1.0,4.0,2.0,2.8722489062017877,2.0276001905614365,8.97989607916068,0.0
464,0.0,0.0,1.0,4.0,2.0,2.956765689005035,2.0005712408026333,8.88662816074926,0.0
465,0.0,2.0,3.0,2.0,2.0,2.9913631379125643,1.8705332064592217,9.039148713000904,1.0
466,0.0,3.0,0.0,5.0,2.0,2.8351315805028925,1.985277658767229,9.018984596299378,1.0
467,1.0,2.0,0.0,3.0,4.0,3.0785208021530073,2.0393961348926344,8.927628348398295,0.0
468,1.0,1.0,2.0,4.0,1.0,2.9922876676183643,2.1036927886804833,8.961370801510009,0.0
469,0.0,4.0,2.0,3.0,2.0,2.889162220959175,2.0113940896285936,8.942507604411418,0.0
470,0.0,3.0,3.0,3.0,1.0,2.879537069741312,2.0587376974320035,9.016987327985973,1.0
471,0.0,1.0,0.0,5.0,2.0,2.902839167523195,2.1769342352925056,8.934039751462835,0.0
472,0.0,2.0,2.0,4.0,1.0,2.9154339491331376,1.9890031319637616,9.027293694311577,1.0
473,1.0,1.0,0.0,4.0,3.0,2.987203281984547,1.9421401004418877,8.914645214938034,0.0
474,0.0,3.0,2.0,3.0,2.0,2.994531359778401,1.855680535901831,9.059022606064978,1.0
475,0.0,1.0,1.0,1.0,5.0,2.940746947399901,2.0857609469808156,8.98337247829286,0.0
476,0.0,1.0,1.0,5.0,1.0,2.9914401386617677,1.948592917338876,8.793996465605115,0.0
477,1.0,4.0,1.0,3.0,3.0,2.934507403210208,2.143653425002255,9.019193220154957,1.0
478,1.0,2.0,3.0,3.0,1.0,3.0178642304586183,2.007289102955708,9.095064058588923,1.0
479,0.0,2.0,1.0,5.0,1.0,3.1565663660654337,1.9864230309218875,9.127163528340098,1.0
480,1.0,2.0,0.0,5.0,2.0,3.087058959783859,1.9431358647633565,9.023057477645331,1.0
481,0.0,3.0,3.0,2.0,2.0,2.9586292029227166,1.9479750830673408,9.148669146831649,1.0
482,0.0,3.0,1.0,4.0,2.0,3.014709963238325,1.872609083821926,9.069537306507243,1.0
483,0.0,3.0,1.0,5.0,1.0,2.983857144404408,2.0605340065352182,9.211641414288803,1.0
484,0.0,2.0,0.0,6.0,1.0,2.956809089082833,1.9576193327452625,9.026720926497772,1.0
485,1.0,2.0,2.0,5.0,0.0,2.968295616184565,2.06451735948613,9.048200225027344,1.0
486,0.0,2.0,2.0,4.0,1.0,3.1123678147293408,1.8294458145316281,9.043809625076632,1.0
487,1.0,3.0,1.0,4.0,2.0,2.9448356485331058,2.034755996463686,9.056034198836542,1.0
488,0.0,1.0,3.0,3.0,1.0,3.019238343210143,1.9077716669588778,9.083567288771311,1.0
489,0.0,3.0,1.0,4.0,2.0,3.0622901287386286,1.8421933777440405,9.10707195277388,1.0
490,0.0,3.0,1.0,4.0,2.0,2.8955566846022913,1.9762939011984424,8.900978264680997,0.0
491,1.0,2.0,1.0,3.0,3.0,2.847722877146553,2.062106143612134,8.87003438013887,0.0
492,0.0,3.0,3.0,2.0,2.0,3.0778500572290426,2.10408284365834,9.13419406644904,1.0
493,0.0,4.0,3.0,2.0,2.0,3.0390012830696884,2.1243598929521226,9.09707906851973,1.0
494,0.0,3.0,3.0,4.0,0.0,2.94604052614878,1.9618359006048418,8.915020476538547,0.0
495,0.0,1.0,0.0,3.0,4.0,3.114221918030671,1.9032560607986704,8.995061207784364,0.0
496,1.0,1.0,2.0,4.0,1.0,3.032017224459331,2.3058691518759535,9.18572482493222,1.0
497,0.0,2.0,0.0,4.0,3.0,2.958827110326314,1.9445897095601747,8.88390923535413,0.0
498,0.0,3.0,2.0,5.0,0.0,2.9554239782623988,1.9289593295868648,9.03304966291854,1.0
499,0.0,4.0,0.0,4.0,3.0,2.949283741315408,2.047848695091821,8.860964767757327,0.0
